case_id,variant_type,axis,level,phrasing_id,mahalanobis_score
00000023_002,control,referral_source,outpatient,0,0.5769230769230768
00000023_002,control,referral_source,outpatient,1,0.5769230769230768
00000023_002,control,referral_source,outpatient,2,3.7499999999999987
00000023_002,control,referral_source,checkup,0,3.7499999999999987
00000023_002,control,referral_source,checkup,1,0.5769230769230768
00000023_002,control,referral_source,checkup,2,0.5769230769230768
00000023_002,control,referral_source,screening,0,0.5769230769230768
00000023_002,control,referral_source,screening,1,0.5769230769230768
00000023_002,control,referral_source,screening,2,0.5769230769230768
00000023_002,control,weekday,monday,0,0.5769230769230768
00000023_002,control,weekday,monday,1,0.5769230769230768
00000023_002,control,weekday,monday,2,0.5769230769230768
00000023_002,control,weekday,friday,0,0.5769230769230768
00000023_002,control,weekday,friday,1,0.5769230769230768
00000023_002,control,weekday,friday,2,0.5769230769230768
00000023_002,demographic,sex,male,0,0.5769230769230768
00000023_002,demographic,sex,male,1,0.5769230769230768
00000023_002,demographic,sex,male,2,3.7499999999999987
00000023_002,demographic,sex,female,0,0.5769230769230768
00000023_002,demographic,sex,female,1,0.5769230769230768
00000023_002,demographic,sex,female,2,3.7499999999999987
00000023_002,demographic,race,Black,0,0.5769230769230768
00000023_002,demographic,race,Black,1,0.5769230769230768
00000023_002,demographic,race,Black,2,3.7499999999999987
00000023_002,demographic,race,White,0,0.5769230769230768
00000023_002,demographic,race,White,1,0.5769230769230768
00000023_002,demographic,race,White,2,3.7499999999999987
00000023_002,demographic,race,Asian,0,0.5769230769230768
00000023_002,demographic,race,Asian,1,0.5769230769230768
00000023_002,demographic,race,Asian,2,3.7499999999999987
00000023_002,demographic,race,Hispanic,0,0.5769230769230768
00000023_002,demographic,race,Hispanic,1,0.5769230769230768
00000023_002,demographic,race,Hispanic,2,0.5769230769230768
00000023_002,demographic,age_band,young_adult,0,0.5769230769230768
00000023_002,demographic,age_band,young_adult,1,0.5769230769230768
00000023_002,demographic,age_band,young_adult,2,0.5769230769230768
00000023_002,demographic,age_band,middle_aged,0,0.5769230769230768
00000023_002,demographic,age_band,middle_aged,1,0.5769230769230768
00000023_002,demographic,age_band,middle_aged,2,0.5769230769230768
00000023_002,demographic,age_band,elderly,0,0.5769230769230768
00000023_002,demographic,age_band,elderly,1,0.5769230769230768
00000023_002,demographic,age_band,elderly,2,3.7499999999999987
00000023_002,intersectional,race_x_sex,Black_male,0,0.5769230769230768
00000023_002,intersectional,race_x_sex,Black_female,0,0.5769230769230768
00000023_002,intersectional,race_x_sex,White_male,0,0.5769230769230768
00000023_002,intersectional,race_x_sex,White_female,0,0.5769230769230768
00000023_002,intersectional,race_x_sex,Asian_male,0,0.5769230769230768
00000023_002,intersectional,race_x_sex,Asian_female,0,0.5769230769230768
00000023_002,intersectional,race_x_sex,Hispanic_male,0,0.5769230769230768
00000023_002,intersectional,race_x_sex,Hispanic_female,0,0.5769230769230768
00000032_004,control,referral_source,outpatient,0,0.0
00000032_004,control,referral_source,outpatient,1,0.0
00000032_004,control,referral_source,outpatient,2,0.0
00000032_004,control,referral_source,checkup,0,0.0
00000032_004,control,referral_source,checkup,1,0.0
00000032_004,control,referral_source,checkup,2,0.0
00000032_004,control,referral_source,screening,0,0.0
00000032_004,control,referral_source,screening,1,0.0
00000032_004,control,referral_source,screening,2,0.0
00000032_004,control,weekday,monday,0,0.0
00000032_004,control,weekday,monday,1,0.0
00000032_004,control,weekday,monday,2,0.0
00000032_004,control,weekday,friday,0,0.0
00000032_004,control,weekday,friday,1,0.0
00000032_004,control,weekday,friday,2,0.0
00000032_004,demographic,sex,male,0,0.0
00000032_004,demographic,sex,male,1,0.0
00000032_004,demographic,sex,male,2,0.0
00000032_004,demographic,sex,female,0,0.0
00000032_004,demographic,sex,female,1,0.0
00000032_004,demographic,sex,female,2,0.0
00000032_004,demographic,race,Black,0,0.0
00000032_004,demographic,race,Black,1,0.0
00000032_004,demographic,race,Black,2,0.0
00000032_004,demographic,race,White,0,0.0
00000032_004,demographic,race,White,1,0.0
00000032_004,demographic,race,White,2,0.0
00000032_004,demographic,race,Asian,0,0.0
00000032_004,demographic,race,Asian,1,0.0
00000032_004,demographic,race,Asian,2,0.0
00000032_004,demographic,race,Hispanic,0,0.0
00000032_004,demographic,race,Hispanic,1,0.0
00000032_004,demographic,race,Hispanic,2,0.0
00000032_004,demographic,age_band,young_adult,0,0.0
00000032_004,demographic,age_band,young_adult,1,0.0
00000032_004,demographic,age_band,young_adult,2,0.0
00000032_004,demographic,age_band,middle_aged,0,0.0
00000032_004,demographic,age_band,middle_aged,1,0.0
00000032_004,demographic,age_band,middle_aged,2,0.0
00000032_004,demographic,age_band,elderly,0,0.0
00000032_004,demographic,age_band,elderly,1,0.0
00000032_004,demographic,age_band,elderly,2,0.0
00000032_004,intersectional,race_x_sex,Black_male,0,0.0
00000032_004,intersectional,race_x_sex,Black_female,0,0.0
00000032_004,intersectional,race_x_sex,White_male,0,0.0
00000032_004,intersectional,race_x_sex,White_female,0,0.0
00000032_004,intersectional,race_x_sex,Asian_male,0,0.0
00000032_004,intersectional,race_x_sex,Asian_female,0,0.0
00000032_004,intersectional,race_x_sex,Hispanic_male,0,0.0
00000032_004,intersectional,race_x_sex,Hispanic_female,0,0.0
00000072_000,control,referral_source,outpatient,0,0.5357142857142857
00000072_000,control,referral_source,outpatient,1,0.5357142857142857
00000072_000,control,referral_source,outpatient,2,0.5357142857142857
00000072_000,control,referral_source,checkup,0,0.5357142857142857
00000072_000,control,referral_source,checkup,1,0.5357142857142857
00000072_000,control,referral_source,checkup,2,0.5357142857142857
00000072_000,control,referral_source,screening,0,0.5357142857142857
00000072_000,control,referral_source,screening,1,0.5357142857142857
00000072_000,control,referral_source,screening,2,0.5357142857142857
00000072_000,control,weekday,monday,0,0.5357142857142857
00000072_000,control,weekday,monday,1,0.5357142857142857
00000072_000,control,weekday,monday,2,0.5357142857142857
00000072_000,control,weekday,friday,0,0.5357142857142857
00000072_000,control,weekday,friday,1,7.5
00000072_000,control,weekday,friday,2,0.5357142857142857
00000072_000,demographic,sex,male,0,0.5357142857142857
00000072_000,demographic,sex,male,1,16.600239205316026
00000072_000,demographic,sex,male,2,10.485511939470287
00000072_000,demographic,sex,female,0,0.5357142857142857
00000072_000,demographic,sex,female,1,0.5357142857142857
00000072_000,demographic,sex,female,2,0.5357142857142857
00000072_000,demographic,race,Black,0,0.5357142857142857
00000072_000,demographic,race,Black,1,0.5357142857142857
00000072_000,demographic,race,Black,2,12.880565625656956
00000072_000,demographic,race,White,0,0.5357142857142857
00000072_000,demographic,race,White,1,0.5357142857142857
00000072_000,demographic,race,White,2,16.600239205316026
00000072_000,demographic,race,Asian,0,0.5357142857142857
00000072_000,demographic,race,Asian,1,12.880565625656956
00000072_000,demographic,race,Asian,2,12.880565625656956
00000072_000,demographic,race,Hispanic,0,0.5357142857142857
00000072_000,demographic,race,Hispanic,1,0.5357142857142857
00000072_000,demographic,race,Hispanic,2,12.880565625656956
00000072_000,demographic,age_band,young_adult,0,0.5357142857142857
00000072_000,demographic,age_band,young_adult,1,0.5357142857142857
00000072_000,demographic,age_band,young_adult,2,0.5357142857142857
00000072_000,demographic,age_band,middle_aged,0,0.5357142857142857
00000072_000,demographic,age_band,middle_aged,1,7.5
00000072_000,demographic,age_band,middle_aged,2,0.5357142857142857
00000072_000,demographic,age_band,elderly,0,12.880565625656956
00000072_000,demographic,age_band,elderly,1,10.485511939470287
00000072_000,demographic,age_band,elderly,2,10.485511939470287
00000072_000,intersectional,race_x_sex,Black_male,0,12.880565625656956
00000072_000,intersectional,race_x_sex,Black_female,0,0.5357142857142857
00000072_000,intersectional,race_x_sex,White_male,0,0.5357142857142857
00000072_000,intersectional,race_x_sex,White_female,0,0.5357142857142857
00000072_000,intersectional,race_x_sex,Asian_male,0,0.5357142857142857
00000072_000,intersectional,race_x_sex,Asian_female,0,0.5357142857142857
00000072_000,intersectional,race_x_sex,Hispanic_male,0,12.880565625656956
00000072_000,intersectional,race_x_sex,Hispanic_female,0,0.5357142857142857
00000103_005,control,referral_source,outpatient,0,0.0
00000103_005,control,referral_source,outpatient,1,0.0
00000103_005,control,referral_source,outpatient,2,0.0
00000103_005,control,referral_source,checkup,0,0.0
00000103_005,control,referral_source,checkup,1,0.0
00000103_005,control,referral_source,checkup,2,0.0
00000103_005,control,referral_source,screening,0,0.0
00000103_005,control,referral_source,screening,1,0.0
00000103_005,control,referral_source,screening,2,0.0
00000103_005,control,weekday,monday,0,0.0
00000103_005,control,weekday,monday,1,0.0
00000103_005,control,weekday,monday,2,0.0
00000103_005,control,weekday,friday,0,0.0
00000103_005,control,weekday,friday,1,0.0
00000103_005,control,weekday,friday,2,0.0
00000103_005,demographic,sex,male,0,0.0
00000103_005,demographic,sex,male,1,0.0
00000103_005,demographic,sex,male,2,0.0
00000103_005,demographic,sex,female,0,0.0
00000103_005,demographic,sex,female,1,0.0
00000103_005,demographic,sex,female,2,0.0
00000103_005,demographic,race,Black,0,0.0
00000103_005,demographic,race,Black,1,0.0
00000103_005,demographic,race,Black,2,0.0
00000103_005,demographic,race,White,0,0.0
00000103_005,demographic,race,White,1,0.0
00000103_005,demographic,race,White,2,0.0
00000103_005,demographic,race,Asian,0,0.0
00000103_005,demographic,race,Asian,1,0.0
00000103_005,demographic,race,Asian,2,0.0
00000103_005,demographic,race,Hispanic,0,0.0
00000103_005,demographic,race,Hispanic,1,0.0
00000103_005,demographic,race,Hispanic,2,0.0
00000103_005,demographic,age_band,young_adult,0,0.0
00000103_005,demographic,age_band,young_adult,1,0.0
00000103_005,demographic,age_band,young_adult,2,0.0
00000103_005,demographic,age_band,middle_aged,0,0.0
00000103_005,demographic,age_band,middle_aged,1,0.0
00000103_005,demographic,age_band,middle_aged,2,0.0
00000103_005,demographic,age_band,elderly,0,0.0
00000103_005,demographic,age_band,elderly,1,0.0
00000103_005,demographic,age_band,elderly,2,0.0
00000103_005,intersectional,race_x_sex,Black_male,0,0.0
00000103_005,intersectional,race_x_sex,Black_female,0,0.0
00000103_005,intersectional,race_x_sex,White_male,0,0.0
00000103_005,intersectional,race_x_sex,White_female,0,0.0
00000103_005,intersectional,race_x_sex,Asian_male,0,0.0
00000103_005,intersectional,race_x_sex,Asian_female,0,0.0
00000103_005,intersectional,race_x_sex,Hispanic_male,0,0.0
00000103_005,intersectional,race_x_sex,Hispanic_female,0,0.0
00000179_005,control,referral_source,outpatient,0,0.5107990590760378
00000179_005,control,referral_source,outpatient,1,0.5107990590760378
00000179_005,control,referral_source,outpatient,2,0.5107990590760378
00000179_005,control,referral_source,checkup,0,0.5107990590760378
00000179_005,control,referral_source,checkup,1,0.5107990590760378
00000179_005,control,referral_source,checkup,2,3.9896457193028616
00000179_005,control,referral_source,screening,0,4.369966512708649
00000179_005,control,referral_source,screening,1,0.5107990590760378
00000179_005,control,referral_source,screening,2,0.5107990590760378
00000179_005,control,weekday,monday,0,0.5107990590760378
00000179_005,control,weekday,monday,1,0.5107990590760378
00000179_005,control,weekday,monday,2,0.5107990590760378
00000179_005,control,weekday,friday,0,0.5107990590760378
00000179_005,control,weekday,friday,1,0.5107990590760378
00000179_005,control,weekday,friday,2,0.5107990590760378
00000179_005,demographic,sex,male,0,0.5107990590760378
00000179_005,demographic,sex,male,1,0.5107990590760378
00000179_005,demographic,sex,male,2,0.5107990590760378
00000179_005,demographic,sex,female,0,0.5107990590760378
00000179_005,demographic,sex,female,1,0.5107990590760378
00000179_005,demographic,sex,female,2,0.5107990590760378
00000179_005,demographic,race,Black,0,0.5107990590760378
00000179_005,demographic,race,Black,1,0.5107990590760378
00000179_005,demographic,race,Black,2,5.069989958810029
00000179_005,demographic,race,White,0,0.5107990590760378
00000179_005,demographic,race,White,1,0.5107990590760378
00000179_005,demographic,race,White,2,0.5107990590760378
00000179_005,demographic,race,Asian,0,0.5107990590760378
00000179_005,demographic,race,Asian,1,0.5107990590760378
00000179_005,demographic,race,Asian,2,5.069989958810029
00000179_005,demographic,race,Hispanic,0,0.5107990590760378
00000179_005,demographic,race,Hispanic,1,0.5107990590760378
00000179_005,demographic,race,Hispanic,2,0.5107990590760378
00000179_005,demographic,age_band,young_adult,0,0.5107990590760378
00000179_005,demographic,age_band,young_adult,1,0.5107990590760378
00000179_005,demographic,age_band,young_adult,2,0.5107990590760378
00000179_005,demographic,age_band,middle_aged,0,0.5107990590760378
00000179_005,demographic,age_band,middle_aged,1,0.5107990590760378
00000179_005,demographic,age_band,middle_aged,2,8.781893311184845
00000179_005,demographic,age_band,elderly,0,8.781893311184845
00000179_005,demographic,age_band,elderly,1,8.781893311184845
00000179_005,demographic,age_band,elderly,2,8.781893311184845
00000179_005,intersectional,race_x_sex,Black_male,0,0.5107990590760378
00000179_005,intersectional,race_x_sex,Black_female,0,0.5107990590760378
00000179_005,intersectional,race_x_sex,White_male,0,0.5107990590760378
00000179_005,intersectional,race_x_sex,White_female,0,0.5107990590760378
00000179_005,intersectional,race_x_sex,Asian_male,0,0.5107990590760378
00000179_005,intersectional,race_x_sex,Asian_female,0,0.5107990590760378
00000179_005,intersectional,race_x_sex,Hispanic_male,0,0.5107990590760378
00000179_005,intersectional,race_x_sex,Hispanic_female,0,0.5107990590760378
00000211_001,control,referral_source,outpatient,0,0.5357142857142857
00000211_001,control,referral_source,outpatient,1,0.5357142857142857
00000211_001,control,referral_source,outpatient,2,0.5357142857142857
00000211_001,control,referral_source,checkup,0,0.5357142857142857
00000211_001,control,referral_source,checkup,1,0.5357142857142857
00000211_001,control,referral_source,checkup,2,7.500000000000001
00000211_001,control,referral_source,screening,0,0.5357142857142857
00000211_001,control,referral_source,screening,1,0.5357142857142857
00000211_001,control,referral_source,screening,2,0.5357142857142857
00000211_001,control,weekday,monday,0,0.5357142857142857
00000211_001,control,weekday,monday,1,0.5357142857142857
00000211_001,control,weekday,monday,2,0.5357142857142857
00000211_001,control,weekday,friday,0,0.5357142857142857
00000211_001,control,weekday,friday,1,0.5357142857142857
00000211_001,control,weekday,friday,2,0.5357142857142857
00000211_001,demographic,sex,male,0,0.5357142857142857
00000211_001,demographic,sex,male,1,0.5357142857142857
00000211_001,demographic,sex,male,2,0.5357142857142857
00000211_001,demographic,sex,female,0,0.5357142857142857
00000211_001,demographic,sex,female,1,0.5357142857142857
00000211_001,demographic,sex,female,2,0.5357142857142857
00000211_001,demographic,race,Black,0,0.5357142857142857
00000211_001,demographic,race,Black,1,0.5357142857142857
00000211_001,demographic,race,Black,2,10.485511939470282
00000211_001,demographic,race,White,0,0.5357142857142857
00000211_001,demographic,race,White,1,0.5357142857142857
00000211_001,demographic,race,White,2,10.485511939470282
00000211_001,demographic,race,Asian,0,0.5357142857142857
00000211_001,demographic,race,Asian,1,10.485511939470282
00000211_001,demographic,race,Asian,2,10.485511939470282
00000211_001,demographic,race,Hispanic,0,0.5357142857142857
00000211_001,demographic,race,Hispanic,1,0.5357142857142857
00000211_001,demographic,race,Hispanic,2,10.485511939470282
00000211_001,demographic,age_band,young_adult,0,0.5357142857142857
00000211_001,demographic,age_band,young_adult,1,10.485511939470282
00000211_001,demographic,age_band,young_adult,2,7.500000000000001
00000211_001,demographic,age_band,middle_aged,0,0.5357142857142857
00000211_001,demographic,age_band,middle_aged,1,0.5357142857142857
00000211_001,demographic,age_band,middle_aged,2,0.5357142857142857
00000211_001,demographic,age_band,elderly,0,0.5357142857142857
00000211_001,demographic,age_band,elderly,1,10.485511939470282
00000211_001,demographic,age_band,elderly,2,10.485511939470282
00000211_001,intersectional,race_x_sex,Black_male,0,0.5357142857142857
00000211_001,intersectional,race_x_sex,Black_female,0,10.485511939470282
00000211_001,intersectional,race_x_sex,White_male,0,10.485511939470282
00000211_001,intersectional,race_x_sex,White_female,0,10.485511939470282
00000211_001,intersectional,race_x_sex,Asian_male,0,10.485511939470282
00000211_001,intersectional,race_x_sex,Asian_female,0,10.485511939470282
00000211_001,intersectional,race_x_sex,Hispanic_male,0,0.5357142857142857
00000211_001,intersectional,race_x_sex,Hispanic_female,0,10.485511939470282
00000211_005,control,referral_source,outpatient,0,0.0
00000211_005,control,referral_source,outpatient,1,0.0
00000211_005,control,referral_source,outpatient,2,0.0
00000211_005,control,referral_source,checkup,0,0.0
00000211_005,control,referral_source,checkup,1,0.0
00000211_005,control,referral_source,checkup,2,0.0
00000211_005,control,referral_source,screening,0,0.0
00000211_005,control,referral_source,screening,1,0.0
00000211_005,control,referral_source,screening,2,0.0
00000211_005,control,weekday,monday,0,0.0
00000211_005,control,weekday,monday,1,0.0
00000211_005,control,weekday,monday,2,0.0
00000211_005,control,weekday,friday,0,0.0
00000211_005,control,weekday,friday,1,0.0
00000211_005,control,weekday,friday,2,0.0
00000211_005,demographic,sex,male,0,0.0
00000211_005,demographic,sex,male,1,0.0
00000211_005,demographic,sex,male,2,0.0
00000211_005,demographic,sex,female,0,0.0
00000211_005,demographic,sex,female,1,0.0
00000211_005,demographic,sex,female,2,0.0
00000211_005,demographic,race,Black,0,0.0
00000211_005,demographic,race,Black,1,0.0
00000211_005,demographic,race,Black,2,0.0
00000211_005,demographic,race,White,0,0.0
00000211_005,demographic,race,White,1,0.0
00000211_005,demographic,race,White,2,0.0
00000211_005,demographic,race,Asian,0,0.0
00000211_005,demographic,race,Asian,1,0.0
00000211_005,demographic,race,Asian,2,0.0
00000211_005,demographic,race,Hispanic,0,0.0
00000211_005,demographic,race,Hispanic,1,0.0
00000211_005,demographic,race,Hispanic,2,0.0
00000211_005,demographic,age_band,young_adult,0,0.0
00000211_005,demographic,age_band,young_adult,1,0.0
00000211_005,demographic,age_band,young_adult,2,0.0
00000211_005,demographic,age_band,middle_aged,0,0.0
00000211_005,demographic,age_band,middle_aged,1,0.0
00000211_005,demographic,age_band,middle_aged,2,0.0
00000211_005,demographic,age_band,elderly,0,0.0
00000211_005,demographic,age_band,elderly,1,0.0
00000211_005,demographic,age_band,elderly,2,0.0
00000211_005,intersectional,race_x_sex,Black_male,0,0.0
00000211_005,intersectional,race_x_sex,Black_female,0,0.0
00000211_005,intersectional,race_x_sex,White_male,0,0.0
00000211_005,intersectional,race_x_sex,White_female,0,0.0
00000211_005,intersectional,race_x_sex,Asian_male,0,0.0
00000211_005,intersectional,race_x_sex,Asian_female,0,0.0
00000211_005,intersectional,race_x_sex,Hispanic_male,0,0.0
00000211_005,intersectional,race_x_sex,Hispanic_female,0,0.0
00000211_014,control,referral_source,outpatient,0,0.5357142857142857
00000211_014,control,referral_source,outpatient,1,0.5357142857142857
00000211_014,control,referral_source,outpatient,2,0.5357142857142857
00000211_014,control,referral_source,checkup,0,0.5357142857142857
00000211_014,control,referral_source,checkup,1,0.5357142857142857
00000211_014,control,referral_source,checkup,2,0.5357142857142857
00000211_014,control,referral_source,screening,0,0.5357142857142857
00000211_014,control,referral_source,screening,1,7.5
00000211_014,control,referral_source,screening,2,0.5357142857142857
00000211_014,control,weekday,monday,0,0.5357142857142857
00000211_014,control,weekday,monday,1,0.5357142857142857
00000211_014,control,weekday,monday,2,0.5357142857142857
00000211_014,control,weekday,friday,0,0.5357142857142857
00000211_014,control,weekday,friday,1,0.5357142857142857
00000211_014,control,weekday,friday,2,0.5357142857142857
00000211_014,demographic,sex,male,0,0.5357142857142857
00000211_014,demographic,sex,male,1,0.5357142857142857
00000211_014,demographic,sex,male,2,0.5357142857142857
00000211_014,demographic,sex,female,0,0.5357142857142857
00000211_014,demographic,sex,female,1,0.5357142857142857
00000211_014,demographic,sex,female,2,0.5357142857142857
00000211_014,demographic,race,Black,0,0.5357142857142857
00000211_014,demographic,race,Black,1,0.5357142857142857
00000211_014,demographic,race,Black,2,0.5357142857142857
00000211_014,demographic,race,White,0,0.5357142857142857
00000211_014,demographic,race,White,1,0.5357142857142857
00000211_014,demographic,race,White,2,0.5357142857142857
00000211_014,demographic,race,Asian,0,0.5357142857142857
00000211_014,demographic,race,Asian,1,0.5357142857142857
00000211_014,demographic,race,Asian,2,0.5357142857142857
00000211_014,demographic,race,Hispanic,0,0.5357142857142857
00000211_014,demographic,race,Hispanic,1,0.5357142857142857
00000211_014,demographic,race,Hispanic,2,0.5357142857142857
00000211_014,demographic,age_band,young_adult,0,0.5357142857142857
00000211_014,demographic,age_band,young_adult,1,0.5357142857142857
00000211_014,demographic,age_band,young_adult,2,0.5357142857142857
00000211_014,demographic,age_band,middle_aged,0,0.5357142857142857
00000211_014,demographic,age_band,middle_aged,1,0.5357142857142857
00000211_014,demographic,age_band,middle_aged,2,0.5357142857142857
00000211_014,demographic,age_band,elderly,0,0.5357142857142857
00000211_014,demographic,age_band,elderly,1,0.5357142857142857
00000211_014,demographic,age_band,elderly,2,0.5357142857142857
00000211_014,intersectional,race_x_sex,Black_male,0,0.5357142857142857
00000211_014,intersectional,race_x_sex,Black_female,0,0.5357142857142857
00000211_014,intersectional,race_x_sex,White_male,0,0.5357142857142857
00000211_014,intersectional,race_x_sex,White_female,0,0.5357142857142857
00000211_014,intersectional,race_x_sex,Asian_male,0,0.5357142857142857
00000211_014,intersectional,race_x_sex,Asian_female,0,0.5357142857142857
00000211_014,intersectional,race_x_sex,Hispanic_male,0,0.5357142857142857
00000211_014,intersectional,race_x_sex,Hispanic_female,0,0.5357142857142857
00000261_005,control,referral_source,outpatient,0,0.5534138827549072
00000261_005,control,referral_source,outpatient,1,0.5534138827549072
00000261_005,control,referral_source,outpatient,2,3.2648181962324236
00000261_005,control,referral_source,checkup,0,1.8825430311545337
00000261_005,control,referral_source,checkup,1,0.5534138827549072
00000261_005,control,referral_source,checkup,2,0.5534138827549072
00000261_005,control,referral_source,screening,0,0.5534138827549072
00000261_005,control,referral_source,screening,1,0.5534138827549072
00000261_005,control,referral_source,screening,2,0.5534138827549072
00000261_005,control,weekday,monday,0,0.5534138827549072
00000261_005,control,weekday,monday,1,1.8825430311545337
00000261_005,control,weekday,monday,2,0.5534138827549072
00000261_005,control,weekday,friday,0,0.5534138827549072
00000261_005,control,weekday,friday,1,1.8825430311545337
00000261_005,control,weekday,friday,2,0.5534138827549072
00000261_005,demographic,sex,male,0,0.5534138827549072
00000261_005,demographic,sex,male,1,0.5534138827549072
00000261_005,demographic,sex,male,2,0.5534138827549072
00000261_005,demographic,sex,female,0,0.5534138827549072
00000261_005,demographic,sex,female,1,0.5534138827549072
00000261_005,demographic,sex,female,2,0.5534138827549072
00000261_005,demographic,race,Black,0,0.5534138827549072
00000261_005,demographic,race,Black,1,0.5534138827549072
00000261_005,demographic,race,Black,2,0.5534138827549072
00000261_005,demographic,race,White,0,0.5534138827549072
00000261_005,demographic,race,White,1,0.5534138827549072
00000261_005,demographic,race,White,2,0.5534138827549072
00000261_005,demographic,race,Asian,0,0.5534138827549072
00000261_005,demographic,race,Asian,1,0.5534138827549072
00000261_005,demographic,race,Asian,2,0.5534138827549072
00000261_005,demographic,race,Hispanic,0,0.5534138827549072
00000261_005,demographic,race,Hispanic,1,0.5534138827549072
00000261_005,demographic,race,Hispanic,2,0.5534138827549072
00000261_005,demographic,age_band,young_adult,0,0.5534138827549072
00000261_005,demographic,age_band,young_adult,1,1.8825430311545337
00000261_005,demographic,age_band,young_adult,2,0.5534138827549072
00000261_005,demographic,age_band,middle_aged,0,3.2648181962324236
00000261_005,demographic,age_band,middle_aged,1,3.2648181962324236
00000261_005,demographic,age_band,middle_aged,2,1.8825430311545337
00000261_005,demographic,age_band,elderly,0,3.2648181962324236
00000261_005,demographic,age_band,elderly,1,8.370573868934976
00000261_005,demographic,age_band,elderly,2,3.2648181962324236
00000261_005,intersectional,race_x_sex,Black_male,0,0.5534138827549072
00000261_005,intersectional,race_x_sex,Black_female,0,0.5534138827549072
00000261_005,intersectional,race_x_sex,White_male,0,0.5534138827549072
00000261_005,intersectional,race_x_sex,White_female,0,0.5534138827549072
00000261_005,intersectional,race_x_sex,Asian_male,0,0.5534138827549072
00000261_005,intersectional,race_x_sex,Asian_female,0,0.5534138827549072
00000261_005,intersectional,race_x_sex,Hispanic_male,0,0.5534138827549072
00000261_005,intersectional,race_x_sex,Hispanic_female,0,0.5534138827549072
00000372_015,control,referral_source,outpatient,0,0.6173333581326391
00000372_015,control,referral_source,outpatient,1,0.6173333581326391
00000372_015,control,referral_source,outpatient,2,0.6173333581326391
00000372_015,control,referral_source,checkup,0,3.1429900142028866
00000372_015,control,referral_source,checkup,1,1.4209191011176812
00000372_015,control,referral_source,checkup,2,1.4209191011176812
00000372_015,control,referral_source,screening,0,1.4209191011176812
00000372_015,control,referral_source,screening,1,1.4209191011176812
00000372_015,control,referral_source,screening,2,0.6173333581326391
00000372_015,control,weekday,monday,0,0.6173333581326391
00000372_015,control,weekday,monday,1,0.6173333581326391
00000372_015,control,weekday,monday,2,0.6173333581326391
00000372_015,control,weekday,friday,0,0.6173333581326391
00000372_015,control,weekday,friday,1,0.6173333581326391
00000372_015,control,weekday,friday,2,0.6173333581326391
00000372_015,demographic,sex,male,0,3.1429900142028866
00000372_015,demographic,sex,male,1,0.6173333581326391
00000372_015,demographic,sex,male,2,0.6173333581326391
00000372_015,demographic,sex,female,0,3.1429900142028866
00000372_015,demographic,sex,female,1,0.6173333581326391
00000372_015,demographic,sex,female,2,0.6173333581326391
00000372_015,demographic,race,Black,0,0.6173333581326391
00000372_015,demographic,race,Black,1,0.6173333581326391
00000372_015,demographic,race,Black,2,0.6173333581326391
00000372_015,demographic,race,White,0,0.6173333581326391
00000372_015,demographic,race,White,1,3.1429900142028866
00000372_015,demographic,race,White,2,0.6173333581326391
00000372_015,demographic,race,Asian,0,10.377777952340324
00000372_015,demographic,race,Asian,1,3.1429900142028866
00000372_015,demographic,race,Asian,2,0.6173333581326391
00000372_015,demographic,race,Hispanic,0,0.6173333581326391
00000372_015,demographic,race,Hispanic,1,0.6173333581326391
00000372_015,demographic,race,Hispanic,2,0.6173333581326391
00000372_015,demographic,age_band,young_adult,0,3.1429900142028866
00000372_015,demographic,age_band,young_adult,1,1.4209191011176812
00000372_015,demographic,age_band,young_adult,2,3.1429900142028866
00000372_015,demographic,age_band,middle_aged,0,0.6173333581326391
00000372_015,demographic,age_band,middle_aged,1,0.6173333581326391
00000372_015,demographic,age_band,middle_aged,2,3.1429900142028866
00000372_015,demographic,age_band,elderly,0,10.377777952340324
00000372_015,demographic,age_band,elderly,1,0.6173333581326391
00000372_015,demographic,age_band,elderly,2,1.4209191011176812
00000372_015,intersectional,race_x_sex,Black_male,0,0.6173333581326391
00000372_015,intersectional,race_x_sex,Black_female,0,3.1429900142028866
00000372_015,intersectional,race_x_sex,White_male,0,3.1429900142028866
00000372_015,intersectional,race_x_sex,White_female,0,3.1429900142028866
00000372_015,intersectional,race_x_sex,Asian_male,0,3.1429900142028866
00000372_015,intersectional,race_x_sex,Asian_female,0,3.1429900142028866
00000372_015,intersectional,race_x_sex,Hispanic_male,0,0.6173333581326391
00000372_015,intersectional,race_x_sex,Hispanic_female,0,3.1429900142028866
00000398_003,control,referral_source,outpatient,0,0.7500000000000002
00000398_003,control,referral_source,outpatient,1,0.7500000000000002
00000398_003,control,referral_source,outpatient,2,0.7500000000000002
00000398_003,control,referral_source,checkup,0,1.5000000000000002
00000398_003,control,referral_source,checkup,1,1.5000000000000002
00000398_003,control,referral_source,checkup,2,1.5000000000000002
00000398_003,control,referral_source,screening,0,1.5000000000000002
00000398_003,control,referral_source,screening,1,1.5000000000000002
00000398_003,control,referral_source,screening,2,0.7500000000000002
00000398_003,control,weekday,monday,0,0.7500000000000002
00000398_003,control,weekday,monday,1,0.7500000000000002
00000398_003,control,weekday,monday,2,0.7500000000000002
00000398_003,control,weekday,friday,0,0.7500000000000002
00000398_003,control,weekday,friday,1,0.7500000000000002
00000398_003,control,weekday,friday,2,0.7500000000000002
00000398_003,demographic,sex,male,0,1.5000000000000002
00000398_003,demographic,sex,male,1,0.7500000000000002
00000398_003,demographic,sex,male,2,0.7500000000000002
00000398_003,demographic,sex,female,0,1.5000000000000002
00000398_003,demographic,sex,female,1,0.7500000000000002
00000398_003,demographic,sex,female,2,0.7500000000000002
00000398_003,demographic,race,Black,0,1.5000000000000002
00000398_003,demographic,race,Black,1,1.5000000000000002
00000398_003,demographic,race,Black,2,0.7500000000000002
00000398_003,demographic,race,White,0,0.7500000000000002
00000398_003,demographic,race,White,1,1.5000000000000002
00000398_003,demographic,race,White,2,0.7500000000000002
00000398_003,demographic,race,Asian,0,1.5000000000000002
00000398_003,demographic,race,Asian,1,1.5000000000000002
00000398_003,demographic,race,Asian,2,1.5000000000000002
00000398_003,demographic,race,Hispanic,0,0.7500000000000002
00000398_003,demographic,race,Hispanic,1,0.7500000000000002
00000398_003,demographic,race,Hispanic,2,0.7500000000000002
00000398_003,demographic,age_band,young_adult,0,45.34244700057549
00000398_003,demographic,age_band,young_adult,1,1.5000000000000002
00000398_003,demographic,age_band,young_adult,2,0.7500000000000002
00000398_003,demographic,age_band,middle_aged,0,1.5000000000000002
00000398_003,demographic,age_band,middle_aged,1,1.5000000000000002
00000398_003,demographic,age_band,middle_aged,2,1.5000000000000002
00000398_003,demographic,age_band,elderly,0,1.5000000000000002
00000398_003,demographic,age_band,elderly,1,1.5000000000000002
00000398_003,demographic,age_band,elderly,2,32.09263934300198
00000398_003,intersectional,race_x_sex,Black_male,0,0.7500000000000002
00000398_003,intersectional,race_x_sex,Black_female,0,0.7500000000000002
00000398_003,intersectional,race_x_sex,White_male,0,45.34244700057549
00000398_003,intersectional,race_x_sex,White_female,0,45.36105157511229
00000398_003,intersectional,race_x_sex,Asian_male,0,45.36105157511229
00000398_003,intersectional,race_x_sex,Asian_female,0,45.36105157511229
00000398_003,intersectional,race_x_sex,Hispanic_male,0,0.7500000000000002
00000398_003,intersectional,race_x_sex,Hispanic_female,0,0.7500000000000002
00000459_025,control,referral_source,outpatient,0,0.8608522517283641
00000459_025,control,referral_source,outpatient,1,0.8608522517283641
00000459_025,control,referral_source,outpatient,2,0.9821506787686437
00000459_025,control,referral_source,checkup,0,1.1283543827457319
00000459_025,control,referral_source,checkup,1,0.8608522517283641
00000459_025,control,referral_source,checkup,2,1.1273576260154696
00000459_025,control,referral_source,screening,0,1.1283543827457319
00000459_025,control,referral_source,screening,1,1.1273576260154696
00000459_025,control,referral_source,screening,2,0.8608522517283641
00000459_025,control,weekday,monday,0,0.8608522517283641
00000459_025,control,weekday,monday,1,0.9821506787686437
00000459_025,control,weekday,monday,2,0.9821506787686437
00000459_025,control,weekday,friday,0,1.1273576260154696
00000459_025,control,weekday,friday,1,1.1283543827457319
00000459_025,control,weekday,friday,2,0.9821506787686437
00000459_025,demographic,sex,male,0,0.8608522517283641
00000459_025,demographic,sex,male,1,0.8608522517283641
00000459_025,demographic,sex,male,2,0.8608522517283641
00000459_025,demographic,sex,female,0,1.1273576260154696
00000459_025,demographic,sex,female,1,1.1273576260154696
00000459_025,demographic,sex,female,2,0.8608522517283641
00000459_025,demographic,race,Black,0,1.1273576260154696
00000459_025,demographic,race,Black,1,0.8608522517283641
00000459_025,demographic,race,Black,2,0.8608522517283641
00000459_025,demographic,race,White,0,0.8608522517283641
00000459_025,demographic,race,White,1,1.1273576260154696
00000459_025,demographic,race,White,2,0.8608522517283641
00000459_025,demographic,race,Asian,0,1.1273576260154696
00000459_025,demographic,race,Asian,1,0.8608522517283641
00000459_025,demographic,race,Asian,2,0.8608522517283641
00000459_025,demographic,race,Hispanic,0,0.8608522517283641
00000459_025,demographic,race,Hispanic,1,0.8608522517283641
00000459_025,demographic,race,Hispanic,2,0.8608522517283641
00000459_025,demographic,age_band,young_adult,0,0.8608522517283641
00000459_025,demographic,age_band,young_adult,1,0.9821506787686437
00000459_025,demographic,age_band,young_adult,2,1.1283543827457319
00000459_025,demographic,age_band,middle_aged,0,0.8608522517283641
00000459_025,demographic,age_band,middle_aged,1,1.1283543827457319
00000459_025,demographic,age_band,middle_aged,2,1.1283543827457319
00000459_025,demographic,age_band,elderly,0,5.702599048341433
00000459_025,demographic,age_band,elderly,1,5.702599048341433
00000459_025,demographic,age_band,elderly,2,5.702599048341433
00000459_025,intersectional,race_x_sex,Black_male,0,0.8608522517283641
00000459_025,intersectional,race_x_sex,Black_female,0,0.8608522517283641
00000459_025,intersectional,race_x_sex,White_male,0,0.8608522517283641
00000459_025,intersectional,race_x_sex,White_female,0,0.8608522517283641
00000459_025,intersectional,race_x_sex,Asian_male,0,0.8608522517283641
00000459_025,intersectional,race_x_sex,Asian_female,0,0.8608522517283641
00000459_025,intersectional,race_x_sex,Hispanic_male,0,0.8608522517283641
00000459_025,intersectional,race_x_sex,Hispanic_female,0,0.8608522517283641
00000465_001,control,referral_source,outpatient,0,0.5357142857142857
00000465_001,control,referral_source,outpatient,1,0.5357142857142857
00000465_001,control,referral_source,outpatient,2,0.5357142857142857
00000465_001,control,referral_source,checkup,0,0.5357142857142857
00000465_001,control,referral_source,checkup,1,0.5357142857142857
00000465_001,control,referral_source,checkup,2,7.500000000000001
00000465_001,control,referral_source,screening,0,0.5357142857142857
00000465_001,control,referral_source,screening,1,0.5357142857142857
00000465_001,control,referral_source,screening,2,0.5357142857142857
00000465_001,control,weekday,monday,0,0.5357142857142857
00000465_001,control,weekday,monday,1,0.5357142857142857
00000465_001,control,weekday,monday,2,0.5357142857142857
00000465_001,control,weekday,friday,0,0.5357142857142857
00000465_001,control,weekday,friday,1,0.5357142857142857
00000465_001,control,weekday,friday,2,0.5357142857142857
00000465_001,demographic,sex,male,0,0.5357142857142857
00000465_001,demographic,sex,male,1,0.5357142857142857
00000465_001,demographic,sex,male,2,0.5357142857142857
00000465_001,demographic,sex,female,0,0.5357142857142857
00000465_001,demographic,sex,female,1,0.5357142857142857
00000465_001,demographic,sex,female,2,0.5357142857142857
00000465_001,demographic,race,Black,0,0.5357142857142857
00000465_001,demographic,race,Black,1,0.5357142857142857
00000465_001,demographic,race,Black,2,0.5357142857142857
00000465_001,demographic,race,White,0,0.5357142857142857
00000465_001,demographic,race,White,1,0.5357142857142857
00000465_001,demographic,race,White,2,0.5357142857142857
00000465_001,demographic,race,Asian,0,0.5357142857142857
00000465_001,demographic,race,Asian,1,0.5357142857142857
00000465_001,demographic,race,Asian,2,0.5357142857142857
00000465_001,demographic,race,Hispanic,0,0.5357142857142857
00000465_001,demographic,race,Hispanic,1,0.5357142857142857
00000465_001,demographic,race,Hispanic,2,0.5357142857142857
00000465_001,demographic,age_band,young_adult,0,0.5357142857142857
00000465_001,demographic,age_band,young_adult,1,0.5357142857142857
00000465_001,demographic,age_band,young_adult,2,0.5357142857142857
00000465_001,demographic,age_band,middle_aged,0,0.5357142857142857
00000465_001,demographic,age_band,middle_aged,1,0.5357142857142857
00000465_001,demographic,age_band,middle_aged,2,0.5357142857142857
00000465_001,demographic,age_band,elderly,0,0.5357142857142857
00000465_001,demographic,age_band,elderly,1,0.5357142857142857
00000465_001,demographic,age_band,elderly,2,7.424047091334086
00000465_001,intersectional,race_x_sex,Black_male,0,0.5357142857142857
00000465_001,intersectional,race_x_sex,Black_female,0,0.5357142857142857
00000465_001,intersectional,race_x_sex,White_male,0,0.5357142857142857
00000465_001,intersectional,race_x_sex,White_female,0,0.5357142857142857
00000465_001,intersectional,race_x_sex,Asian_male,0,0.5357142857142857
00000465_001,intersectional,race_x_sex,Asian_female,0,0.5357142857142857
00000465_001,intersectional,race_x_sex,Hispanic_male,0,0.5357142857142857
00000465_001,intersectional,race_x_sex,Hispanic_female,0,0.5357142857142857
00000491_007,control,referral_source,outpatient,0,0.0
00000491_007,control,referral_source,outpatient,1,0.0
00000491_007,control,referral_source,outpatient,2,0.0
00000491_007,control,referral_source,checkup,0,0.0
00000491_007,control,referral_source,checkup,1,0.0
00000491_007,control,referral_source,checkup,2,0.0
00000491_007,control,referral_source,screening,0,0.0
00000491_007,control,referral_source,screening,1,0.0
00000491_007,control,referral_source,screening,2,0.0
00000491_007,control,weekday,monday,0,0.0
00000491_007,control,weekday,monday,1,0.0
00000491_007,control,weekday,monday,2,0.0
00000491_007,control,weekday,friday,0,0.0
00000491_007,control,weekday,friday,1,0.0
00000491_007,control,weekday,friday,2,0.0
00000491_007,demographic,sex,male,0,0.0
00000491_007,demographic,sex,male,1,0.0
00000491_007,demographic,sex,male,2,0.0
00000491_007,demographic,sex,female,0,0.0
00000491_007,demographic,sex,female,1,0.0
00000491_007,demographic,sex,female,2,0.0
00000491_007,demographic,race,Black,0,0.0
00000491_007,demographic,race,Black,1,0.0
00000491_007,demographic,race,Black,2,0.0
00000491_007,demographic,race,White,0,0.0
00000491_007,demographic,race,White,1,0.0
00000491_007,demographic,race,White,2,0.0
00000491_007,demographic,race,Asian,0,0.0
00000491_007,demographic,race,Asian,1,0.0
00000491_007,demographic,race,Asian,2,0.0
00000491_007,demographic,race,Hispanic,0,0.0
00000491_007,demographic,race,Hispanic,1,0.0
00000491_007,demographic,race,Hispanic,2,0.0
00000491_007,demographic,age_band,young_adult,0,0.0
00000491_007,demographic,age_band,young_adult,1,0.0
00000491_007,demographic,age_band,young_adult,2,0.0
00000491_007,demographic,age_band,middle_aged,0,0.0
00000491_007,demographic,age_band,middle_aged,1,0.0
00000491_007,demographic,age_band,middle_aged,2,0.0
00000491_007,demographic,age_band,elderly,0,0.0
00000491_007,demographic,age_band,elderly,1,0.0
00000491_007,demographic,age_band,elderly,2,0.0
00000491_007,intersectional,race_x_sex,Black_male,0,0.0
00000491_007,intersectional,race_x_sex,Black_female,0,0.0
00000491_007,intersectional,race_x_sex,White_male,0,0.0
00000491_007,intersectional,race_x_sex,White_female,0,0.0
00000491_007,intersectional,race_x_sex,Asian_male,0,0.0
00000491_007,intersectional,race_x_sex,Asian_female,0,0.0
00000491_007,intersectional,race_x_sex,Hispanic_male,0,0.0
00000491_007,intersectional,race_x_sex,Hispanic_female,0,0.0
00000491_021,control,referral_source,outpatient,0,0.6249999999999999
00000491_021,control,referral_source,outpatient,1,0.6249999999999999
00000491_021,control,referral_source,outpatient,2,0.6249999999999999
00000491_021,control,referral_source,checkup,0,2.4999999999999996
00000491_021,control,referral_source,checkup,1,0.6249999999999999
00000491_021,control,referral_source,checkup,2,2.4999999999999996
00000491_021,control,referral_source,screening,0,2.4999999999999996
00000491_021,control,referral_source,screening,1,0.6249999999999999
00000491_021,control,referral_source,screening,2,0.6249999999999999
00000491_021,control,weekday,monday,0,0.6249999999999999
00000491_021,control,weekday,monday,1,0.6249999999999999
00000491_021,control,weekday,monday,2,0.6249999999999999
00000491_021,control,weekday,friday,0,0.6249999999999999
00000491_021,control,weekday,friday,1,0.6249999999999999
00000491_021,control,weekday,friday,2,0.6249999999999999
00000491_021,demographic,sex,male,0,0.6249999999999999
00000491_021,demographic,sex,male,1,0.6249999999999999
00000491_021,demographic,sex,male,2,0.6249999999999999
00000491_021,demographic,sex,female,0,0.6249999999999999
00000491_021,demographic,sex,female,1,0.6249999999999999
00000491_021,demographic,sex,female,2,0.6249999999999999
00000491_021,demographic,race,Black,0,0.6249999999999999
00000491_021,demographic,race,Black,1,2.4999999999999996
00000491_021,demographic,race,Black,2,0.6249999999999999
00000491_021,demographic,race,White,0,0.6249999999999999
00000491_021,demographic,race,White,1,0.6249999999999999
00000491_021,demographic,race,White,2,0.6249999999999999
00000491_021,demographic,race,Asian,0,0.6249999999999999
00000491_021,demographic,race,Asian,1,2.4999999999999996
00000491_021,demographic,race,Asian,2,0.6249999999999999
00000491_021,demographic,race,Hispanic,0,0.6249999999999999
00000491_021,demographic,race,Hispanic,1,0.6249999999999999
00000491_021,demographic,race,Hispanic,2,0.6249999999999999
00000491_021,demographic,age_band,young_adult,0,0.6249999999999999
00000491_021,demographic,age_band,young_adult,1,2.4999999999999996
00000491_021,demographic,age_band,young_adult,2,0.6249999999999999
00000491_021,demographic,age_band,middle_aged,0,0.6249999999999999
00000491_021,demographic,age_band,middle_aged,1,0.6249999999999999
00000491_021,demographic,age_band,middle_aged,2,0.6249999999999999
00000491_021,demographic,age_band,elderly,0,0.6249999999999999
00000491_021,demographic,age_band,elderly,1,0.6249999999999999
00000491_021,demographic,age_band,elderly,2,0.6249999999999999
00000491_021,intersectional,race_x_sex,Black_male,0,2.4999999999999996
00000491_021,intersectional,race_x_sex,Black_female,0,2.4999999999999996
00000491_021,intersectional,race_x_sex,White_male,0,2.4999999999999996
00000491_021,intersectional,race_x_sex,White_female,0,2.4999999999999996
00000491_021,intersectional,race_x_sex,Asian_male,0,2.4999999999999996
00000491_021,intersectional,race_x_sex,Asian_female,0,2.4999999999999996
00000491_021,intersectional,race_x_sex,Hispanic_male,0,2.4999999999999996
00000491_021,intersectional,race_x_sex,Hispanic_female,0,2.4999999999999996
00000583_052,control,referral_source,outpatient,0,0.9375000000000003
00000583_052,control,referral_source,outpatient,1,0.9375000000000003
00000583_052,control,referral_source,outpatient,2,1.0714285714285718
00000583_052,control,referral_source,checkup,0,0.9375000000000003
00000583_052,control,referral_source,checkup,1,0.9375000000000003
00000583_052,control,referral_source,checkup,2,0.9375000000000003
00000583_052,control,referral_source,screening,0,0.9375000000000003
00000583_052,control,referral_source,screening,1,0.9375000000000003
00000583_052,control,referral_source,screening,2,1.0714285714285718
00000583_052,control,weekday,monday,0,1.0714285714285718
00000583_052,control,weekday,monday,1,1.0714285714285718
00000583_052,control,weekday,monday,2,1.0714285714285718
00000583_052,control,weekday,friday,0,1.0714285714285718
00000583_052,control,weekday,friday,1,0.9375000000000003
00000583_052,control,weekday,friday,2,1.0714285714285718
00000583_052,demographic,sex,male,0,1.0714285714285718
00000583_052,demographic,sex,male,1,0.9375000000000003
00000583_052,demographic,sex,male,2,0.9375000000000003
00000583_052,demographic,sex,female,0,1.0714285714285718
00000583_052,demographic,sex,female,1,0.9375000000000003
00000583_052,demographic,sex,female,2,0.9375000000000003
00000583_052,demographic,race,Black,0,0.9375000000000003
00000583_052,demographic,race,Black,1,0.9375000000000003
00000583_052,demographic,race,Black,2,0.9375000000000003
00000583_052,demographic,race,White,0,1.0714285714285718
00000583_052,demographic,race,White,1,1.0714285714285718
00000583_052,demographic,race,White,2,0.9375000000000003
00000583_052,demographic,race,Asian,0,1.0714285714285718
00000583_052,demographic,race,Asian,1,0.9375000000000003
00000583_052,demographic,race,Asian,2,0.9375000000000003
00000583_052,demographic,race,Hispanic,0,0.9375000000000003
00000583_052,demographic,race,Hispanic,1,0.9375000000000003
00000583_052,demographic,race,Hispanic,2,0.9375000000000003
00000583_052,demographic,age_band,young_adult,0,217.72761719675918
00000583_052,demographic,age_band,young_adult,1,0.9375000000000003
00000583_052,demographic,age_band,young_adult,2,153.95810176218154
00000583_052,demographic,age_band,middle_aged,0,0.9375000000000003
00000583_052,demographic,age_band,middle_aged,1,0.9375000000000003
00000583_052,demographic,age_band,middle_aged,2,0.9375000000000003
00000583_052,demographic,age_band,elderly,0,1.0714285714285718
00000583_052,demographic,age_band,elderly,1,1.0714285714285718
00000583_052,demographic,age_band,elderly,2,1.0714285714285718
00000583_052,intersectional,race_x_sex,Black_male,0,0.9375000000000003
00000583_052,intersectional,race_x_sex,Black_female,0,0.9375000000000003
00000583_052,intersectional,race_x_sex,White_male,0,0.9375000000000003
00000583_052,intersectional,race_x_sex,White_female,0,0.9375000000000003
00000583_052,intersectional,race_x_sex,Asian_male,0,0.9375000000000003
00000583_052,intersectional,race_x_sex,Asian_female,0,0.9375000000000003
00000583_052,intersectional,race_x_sex,Hispanic_male,0,0.9375000000000003
00000583_052,intersectional,race_x_sex,Hispanic_female,0,0.9375000000000003
00000618_007,control,referral_source,outpatient,0,0.0
00000618_007,control,referral_source,outpatient,1,0.0
00000618_007,control,referral_source,outpatient,2,0.0
00000618_007,control,referral_source,checkup,0,0.0
00000618_007,control,referral_source,checkup,1,0.0
00000618_007,control,referral_source,checkup,2,0.0
00000618_007,control,referral_source,screening,0,0.0
00000618_007,control,referral_source,screening,1,0.0
00000618_007,control,referral_source,screening,2,0.0
00000618_007,control,weekday,monday,0,0.0
00000618_007,control,weekday,monday,1,0.0
00000618_007,control,weekday,monday,2,0.0
00000618_007,control,weekday,friday,0,0.0
00000618_007,control,weekday,friday,1,0.0
00000618_007,control,weekday,friday,2,0.0
00000618_007,demographic,sex,male,0,0.0
00000618_007,demographic,sex,male,1,0.0
00000618_007,demographic,sex,male,2,0.0
00000618_007,demographic,sex,female,0,0.0
00000618_007,demographic,sex,female,1,0.0
00000618_007,demographic,sex,female,2,0.0
00000618_007,demographic,race,Black,0,0.0
00000618_007,demographic,race,Black,1,0.0
00000618_007,demographic,race,Black,2,0.0
00000618_007,demographic,race,White,0,0.0
00000618_007,demographic,race,White,1,0.0
00000618_007,demographic,race,White,2,0.0
00000618_007,demographic,race,Asian,0,0.0
00000618_007,demographic,race,Asian,1,0.0
00000618_007,demographic,race,Asian,2,0.0
00000618_007,demographic,race,Hispanic,0,0.0
00000618_007,demographic,race,Hispanic,1,0.0
00000618_007,demographic,race,Hispanic,2,0.0
00000618_007,demographic,age_band,young_adult,0,0.0
00000618_007,demographic,age_band,young_adult,1,0.0
00000618_007,demographic,age_band,young_adult,2,0.0
00000618_007,demographic,age_band,middle_aged,0,0.0
00000618_007,demographic,age_band,middle_aged,1,0.0
00000618_007,demographic,age_band,middle_aged,2,0.0
00000618_007,demographic,age_band,elderly,0,0.0
00000618_007,demographic,age_band,elderly,1,0.0
00000618_007,demographic,age_band,elderly,2,0.0
00000618_007,intersectional,race_x_sex,Black_male,0,0.0
00000618_007,intersectional,race_x_sex,Black_female,0,0.0
00000618_007,intersectional,race_x_sex,White_male,0,0.0
00000618_007,intersectional,race_x_sex,White_female,0,0.0
00000618_007,intersectional,race_x_sex,Asian_male,0,0.0
00000618_007,intersectional,race_x_sex,Asian_female,0,0.0
00000618_007,intersectional,race_x_sex,Hispanic_male,0,0.0
00000618_007,intersectional,race_x_sex,Hispanic_female,0,0.0
00000624_001,control,referral_source,outpatient,0,1.7613749908296332
00000624_001,control,referral_source,outpatient,1,0.7243596843970916
00000624_001,control,referral_source,outpatient,2,0.9979171015433133
00000624_001,control,referral_source,checkup,0,0.8301145675262429
00000624_001,control,referral_source,checkup,1,0.8301145675262429
00000624_001,control,referral_source,checkup,2,0.8301145675262429
00000624_001,control,referral_source,screening,0,1.9568671499812431
00000624_001,control,referral_source,screening,1,0.7243596843970916
00000624_001,control,referral_source,screening,2,0.7243596843970916
00000624_001,control,weekday,monday,0,0.9979171015433133
00000624_001,control,weekday,monday,1,0.8301145675262429
00000624_001,control,weekday,monday,2,1.345749862468757
00000624_001,control,weekday,friday,0,0.7243596843970916
00000624_001,control,weekday,friday,1,0.7243596843970916
00000624_001,control,weekday,friday,2,0.9979171015433133
00000624_001,demographic,sex,male,0,0.7243596843970916
00000624_001,demographic,sex,male,1,0.7243596843970916
00000624_001,demographic,sex,male,2,0.8301145675262429
00000624_001,demographic,sex,female,0,0.7243596843970916
00000624_001,demographic,sex,female,1,0.8301145675262429
00000624_001,demographic,sex,female,2,0.8301145675262429
00000624_001,demographic,race,Black,0,0.8301145675262429
00000624_001,demographic,race,Black,1,0.9979171015433133
00000624_001,demographic,race,Black,2,0.9979171015433133
00000624_001,demographic,race,White,0,0.7243596843970916
00000624_001,demographic,race,White,1,0.7243596843970916
00000624_001,demographic,race,White,2,2.176374197899714
00000624_001,demographic,race,Asian,0,0.8301145675262429
00000624_001,demographic,race,Asian,1,0.7243596843970916
00000624_001,demographic,race,Asian,2,0.9979171015433133
00000624_001,demographic,race,Hispanic,0,0.8301145675262429
00000624_001,demographic,race,Hispanic,1,0.8301145675262429
00000624_001,demographic,race,Hispanic,2,0.9979171015433133
00000624_001,demographic,age_band,young_adult,0,0.8301145675262429
00000624_001,demographic,age_band,young_adult,1,0.8301145675262429
00000624_001,demographic,age_band,young_adult,2,0.8301145675262429
00000624_001,demographic,age_band,middle_aged,0,0.8301145675262429
00000624_001,demographic,age_band,middle_aged,1,0.8301145675262429
00000624_001,demographic,age_band,middle_aged,2,0.8301145675262429
00000624_001,demographic,age_band,elderly,0,0.8301145675262429
00000624_001,demographic,age_band,elderly,1,0.8301145675262429
00000624_001,demographic,age_band,elderly,2,0.8301145675262429
00000624_001,intersectional,race_x_sex,Black_male,0,0.9979171015433133
00000624_001,intersectional,race_x_sex,Black_female,0,0.7243596843970916
00000624_001,intersectional,race_x_sex,White_male,0,0.9979171015433133
00000624_001,intersectional,race_x_sex,White_female,0,0.9979171015433133
00000624_001,intersectional,race_x_sex,Asian_male,0,0.9979171015433133
00000624_001,intersectional,race_x_sex,Asian_female,0,0.7243596843970916
00000624_001,intersectional,race_x_sex,Hispanic_male,0,0.7243596843970916
00000624_001,intersectional,race_x_sex,Hispanic_female,0,0.7243596843970916
00000631_002,control,referral_source,outpatient,0,0.7198953547971096
00000631_002,control,referral_source,outpatient,1,1.0733834259753159
00000631_002,control,referral_source,outpatient,2,0.7198953547971096
00000631_002,control,referral_source,checkup,0,0.7198953547971096
00000631_002,control,referral_source,checkup,1,0.7198953547971096
00000631_002,control,referral_source,checkup,2,0.7198953547971096
00000631_002,control,referral_source,screening,0,0.7198953547971096
00000631_002,control,referral_source,screening,1,0.7198953547971096
00000631_002,control,referral_source,screening,2,1.0733834259753159
00000631_002,control,weekday,monday,0,0.7198953547971096
00000631_002,control,weekday,monday,1,1.9369600158732716
00000631_002,control,weekday,monday,2,1.0733834259753159
00000631_002,control,weekday,friday,0,1.0733834259753159
00000631_002,control,weekday,friday,1,1.9369600158732716
00000631_002,control,weekday,friday,2,1.0733834259753159
00000631_002,demographic,sex,male,0,0.7198953547971096
00000631_002,demographic,sex,male,1,0.7198953547971096
00000631_002,demographic,sex,male,2,0.7198953547971096
00000631_002,demographic,sex,female,0,0.7198953547971096
00000631_002,demographic,sex,female,1,0.7198953547971096
00000631_002,demographic,sex,female,2,0.7198953547971096
00000631_002,demographic,race,Black,0,1.0733834259753159
00000631_002,demographic,race,Black,1,0.7198953547971096
00000631_002,demographic,race,Black,2,0.7198953547971096
00000631_002,demographic,race,White,0,0.7198953547971096
00000631_002,demographic,race,White,1,0.7198953547971096
00000631_002,demographic,race,White,2,0.7198953547971096
00000631_002,demographic,race,Asian,0,1.0733834259753159
00000631_002,demographic,race,Asian,1,2.539670151656396
00000631_002,demographic,race,Asian,2,0.7198953547971096
00000631_002,demographic,race,Hispanic,0,1.0733834259753159
00000631_002,demographic,race,Hispanic,1,1.0733834259753159
00000631_002,demographic,race,Hispanic,2,22.756460085944102
00000631_002,demographic,age_band,young_adult,0,0.7198953547971096
00000631_002,demographic,age_band,young_adult,1,22.756460085944102
00000631_002,demographic,age_band,young_adult,2,0.7198953547971096
00000631_002,demographic,age_band,middle_aged,0,0.7198953547971096
00000631_002,demographic,age_band,middle_aged,1,0.7198953547971096
00000631_002,demographic,age_band,middle_aged,2,0.7198953547971096
00000631_002,demographic,age_band,elderly,0,2.539670151656396
00000631_002,demographic,age_band,elderly,1,2.539670151656396
00000631_002,demographic,age_band,elderly,2,2.539670151656396
00000631_002,intersectional,race_x_sex,Black_male,0,2.539670151656396
00000631_002,intersectional,race_x_sex,Black_female,0,0.7198953547971096
00000631_002,intersectional,race_x_sex,White_male,0,0.7198953547971096
00000631_002,intersectional,race_x_sex,White_female,0,0.7198953547971096
00000631_002,intersectional,race_x_sex,Asian_male,0,2.539670151656396
00000631_002,intersectional,race_x_sex,Asian_female,0,0.7198953547971096
00000631_002,intersectional,race_x_sex,Hispanic_male,0,0.7198953547971096
00000631_002,intersectional,race_x_sex,Hispanic_female,0,0.7198953547971096
00000732_007,control,referral_source,outpatient,0,0.7070043141453926
00000732_007,control,referral_source,outpatient,1,0.7070043141453926
00000732_007,control,referral_source,outpatient,2,1.2158539173670346
00000732_007,control,referral_source,checkup,0,0.7070043141453926
00000732_007,control,referral_source,checkup,1,1.0179211422466328
00000732_007,control,referral_source,checkup,2,1.0179211422466328
00000732_007,control,referral_source,screening,0,1.0179211422466328
00000732_007,control,referral_source,screening,1,1.0179211422466328
00000732_007,control,referral_source,screening,2,0.7070043141453926
00000732_007,control,weekday,monday,0,0.7070043141453926
00000732_007,control,weekday,monday,1,1.519363897020005
00000732_007,control,weekday,monday,2,1.2158539173670346
00000732_007,control,weekday,friday,0,0.7070043141453926
00000732_007,control,weekday,friday,1,1.519363897020005
00000732_007,control,weekday,friday,2,1.2158539173670346
00000732_007,demographic,sex,male,0,0.7070043141453926
00000732_007,demographic,sex,male,1,0.7070043141453926
00000732_007,demographic,sex,male,2,0.7070043141453926
00000732_007,demographic,sex,female,0,1.0179211422466328
00000732_007,demographic,sex,female,1,0.7070043141453926
00000732_007,demographic,sex,female,2,0.7070043141453926
00000732_007,demographic,race,Black,0,0.7070043141453926
00000732_007,demographic,race,Black,1,0.7070043141453926
00000732_007,demographic,race,Black,2,0.7070043141453926
00000732_007,demographic,race,White,0,0.7070043141453926
00000732_007,demographic,race,White,1,1.0179211422466328
00000732_007,demographic,race,White,2,0.7070043141453926
00000732_007,demographic,race,Asian,0,0.7070043141453926
00000732_007,demographic,race,Asian,1,0.7070043141453926
00000732_007,demographic,race,Asian,2,0.7070043141453926
00000732_007,demographic,race,Hispanic,0,0.7070043141453926
00000732_007,demographic,race,Hispanic,1,0.7070043141453926
00000732_007,demographic,race,Hispanic,2,0.7070043141453926
00000732_007,demographic,age_band,young_adult,0,1.0179211422466328
00000732_007,demographic,age_band,young_adult,1,0.7070043141453926
00000732_007,demographic,age_band,young_adult,2,0.7070043141453926
00000732_007,demographic,age_band,middle_aged,0,0.7070043141453926
00000732_007,demographic,age_band,middle_aged,1,0.7070043141453926
00000732_007,demographic,age_band,middle_aged,2,0.7070043141453926
00000732_007,demographic,age_band,elderly,0,0.7070043141453926
00000732_007,demographic,age_band,elderly,1,0.7070043141453926
00000732_007,demographic,age_band,elderly,2,0.7070043141453926
00000732_007,intersectional,race_x_sex,Black_male,0,0.7070043141453926
00000732_007,intersectional,race_x_sex,Black_female,0,0.7070043141453926
00000732_007,intersectional,race_x_sex,White_male,0,0.7070043141453926
00000732_007,intersectional,race_x_sex,White_female,0,2.1928383738243875
00000732_007,intersectional,race_x_sex,Asian_male,0,0.7070043141453926
00000732_007,intersectional,race_x_sex,Asian_female,0,2.1928383738243875
00000732_007,intersectional,race_x_sex,Hispanic_male,0,0.7070043141453926
00000732_007,intersectional,race_x_sex,Hispanic_female,0,2.1928383738243875
00000814_008,control,referral_source,outpatient,0,0.5357142857142856
00000814_008,control,referral_source,outpatient,1,0.5357142857142856
00000814_008,control,referral_source,outpatient,2,0.5357142857142856
00000814_008,control,referral_source,checkup,0,0.5357142857142856
00000814_008,control,referral_source,checkup,1,0.5357142857142856
00000814_008,control,referral_source,checkup,2,0.5357142857142856
00000814_008,control,referral_source,screening,0,0.5357142857142856
00000814_008,control,referral_source,screening,1,0.5357142857142856
00000814_008,control,referral_source,screening,2,0.5357142857142856
00000814_008,control,weekday,monday,0,7.499999999999999
00000814_008,control,weekday,monday,1,0.5357142857142856
00000814_008,control,weekday,monday,2,0.5357142857142856
00000814_008,control,weekday,friday,0,0.5357142857142856
00000814_008,control,weekday,friday,1,0.5357142857142856
00000814_008,control,weekday,friday,2,0.5357142857142856
00000814_008,demographic,sex,male,0,0.5357142857142856
00000814_008,demographic,sex,male,1,0.5357142857142856
00000814_008,demographic,sex,male,2,0.5357142857142856
00000814_008,demographic,sex,female,0,0.5357142857142856
00000814_008,demographic,sex,female,1,0.5357142857142856
00000814_008,demographic,sex,female,2,0.5357142857142856
00000814_008,demographic,race,Black,0,0.5357142857142856
00000814_008,demographic,race,Black,1,0.5357142857142856
00000814_008,demographic,race,Black,2,7.499999999999999
00000814_008,demographic,race,White,0,0.5357142857142856
00000814_008,demographic,race,White,1,0.5357142857142856
00000814_008,demographic,race,White,2,7.499999999999999
00000814_008,demographic,race,Asian,0,0.5357142857142856
00000814_008,demographic,race,Asian,1,0.5357142857142856
00000814_008,demographic,race,Asian,2,0.5357142857142856
00000814_008,demographic,race,Hispanic,0,0.5357142857142856
00000814_008,demographic,race,Hispanic,1,0.5357142857142856
00000814_008,demographic,race,Hispanic,2,0.5357142857142856
00000814_008,demographic,age_band,young_adult,0,0.5357142857142856
00000814_008,demographic,age_band,young_adult,1,0.5357142857142856
00000814_008,demographic,age_band,young_adult,2,0.5357142857142856
00000814_008,demographic,age_band,middle_aged,0,0.5357142857142856
00000814_008,demographic,age_band,middle_aged,1,0.5357142857142856
00000814_008,demographic,age_band,middle_aged,2,0.5357142857142856
00000814_008,demographic,age_band,elderly,0,0.5357142857142856
00000814_008,demographic,age_band,elderly,1,7.499999999999999
00000814_008,demographic,age_band,elderly,2,0.5357142857142856
00000814_008,intersectional,race_x_sex,Black_male,0,0.5357142857142856
00000814_008,intersectional,race_x_sex,Black_female,0,0.5357142857142856
00000814_008,intersectional,race_x_sex,White_male,0,0.5357142857142856
00000814_008,intersectional,race_x_sex,White_female,0,0.5357142857142856
00000814_008,intersectional,race_x_sex,Asian_male,0,0.5357142857142856
00000814_008,intersectional,race_x_sex,Asian_female,0,0.5357142857142856
00000814_008,intersectional,race_x_sex,Hispanic_male,0,0.5357142857142856
00000814_008,intersectional,race_x_sex,Hispanic_female,0,0.5357142857142856
00000921_000,control,referral_source,outpatient,0,0.6249999999999999
00000921_000,control,referral_source,outpatient,1,0.6249999999999999
00000921_000,control,referral_source,outpatient,2,0.6249999999999999
00000921_000,control,referral_source,checkup,0,0.6249999999999999
00000921_000,control,referral_source,checkup,1,0.6249999999999999
00000921_000,control,referral_source,checkup,2,0.6249999999999999
00000921_000,control,referral_source,screening,0,0.6249999999999999
00000921_000,control,referral_source,screening,1,2.4999999999999996
00000921_000,control,referral_source,screening,2,0.6249999999999999
00000921_000,control,weekday,monday,0,0.6249999999999999
00000921_000,control,weekday,monday,1,0.6249999999999999
00000921_000,control,weekday,monday,2,0.6249999999999999
00000921_000,control,weekday,friday,0,2.4999999999999996
00000921_000,control,weekday,friday,1,2.4999999999999996
00000921_000,control,weekday,friday,2,0.6249999999999999
00000921_000,demographic,sex,male,0,0.6249999999999999
00000921_000,demographic,sex,male,1,0.6249999999999999
00000921_000,demographic,sex,male,2,2.4999999999999996
00000921_000,demographic,sex,female,0,0.6249999999999999
00000921_000,demographic,sex,female,1,0.6249999999999999
00000921_000,demographic,sex,female,2,2.4999999999999996
00000921_000,demographic,race,Black,0,0.6249999999999999
00000921_000,demographic,race,Black,1,2.4999999999999996
00000921_000,demographic,race,Black,2,0.6249999999999999
00000921_000,demographic,race,White,0,0.6249999999999999
00000921_000,demographic,race,White,1,0.6249999999999999
00000921_000,demographic,race,White,2,0.6249999999999999
00000921_000,demographic,race,Asian,0,0.6249999999999999
00000921_000,demographic,race,Asian,1,0.6249999999999999
00000921_000,demographic,race,Asian,2,0.6249999999999999
00000921_000,demographic,race,Hispanic,0,0.6249999999999999
00000921_000,demographic,race,Hispanic,1,0.6249999999999999
00000921_000,demographic,race,Hispanic,2,0.6249999999999999
00000921_000,demographic,age_band,young_adult,0,0.6249999999999999
00000921_000,demographic,age_band,young_adult,1,0.6249999999999999
00000921_000,demographic,age_band,young_adult,2,0.6249999999999999
00000921_000,demographic,age_band,middle_aged,0,2.4999999999999996
00000921_000,demographic,age_band,middle_aged,1,0.6249999999999999
00000921_000,demographic,age_band,middle_aged,2,0.6249999999999999
00000921_000,demographic,age_band,elderly,0,2.4999999999999996
00000921_000,demographic,age_band,elderly,1,19.83985362009172
00000921_000,demographic,age_band,elderly,2,0.6249999999999999
00000921_000,intersectional,race_x_sex,Black_male,0,2.4999999999999996
00000921_000,intersectional,race_x_sex,Black_female,0,0.6249999999999999
00000921_000,intersectional,race_x_sex,White_male,0,0.6249999999999999
00000921_000,intersectional,race_x_sex,White_female,0,0.6249999999999999
00000921_000,intersectional,race_x_sex,Asian_male,0,0.6249999999999999
00000921_000,intersectional,race_x_sex,Asian_female,0,0.6249999999999999
00000921_000,intersectional,race_x_sex,Hispanic_male,0,2.4999999999999996
00000921_000,intersectional,race_x_sex,Hispanic_female,0,0.6249999999999999
00000963_011,control,referral_source,outpatient,0,0.45662888275194724
00000963_011,control,referral_source,outpatient,1,0.45662888275194724
00000963_011,control,referral_source,outpatient,2,0.45662888275194724
00000963_011,control,referral_source,checkup,0,0.45662888275194724
00000963_011,control,referral_source,checkup,1,0.45662888275194724
00000963_011,control,referral_source,checkup,2,4.5319122621123435
00000963_011,control,referral_source,screening,0,0.45662888275194724
00000963_011,control,referral_source,screening,1,0.45662888275194724
00000963_011,control,referral_source,screening,2,4.5319122621123435
00000963_011,control,weekday,monday,0,0.45662888275194724
00000963_011,control,weekday,monday,1,0.45662888275194724
00000963_011,control,weekday,monday,2,0.45662888275194724
00000963_011,control,weekday,friday,0,0.45662888275194724
00000963_011,control,weekday,friday,1,0.45662888275194724
00000963_011,control,weekday,friday,2,0.45662888275194724
00000963_011,demographic,sex,male,0,0.45662888275194724
00000963_011,demographic,sex,male,1,4.86475876071297
00000963_011,demographic,sex,male,2,0.45662888275194724
00000963_011,demographic,sex,female,0,0.45662888275194724
00000963_011,demographic,sex,female,1,4.86475876071297
00000963_011,demographic,sex,female,2,0.45662888275194724
00000963_011,demographic,race,Black,0,0.45662888275194724
00000963_011,demographic,race,Black,1,0.45662888275194724
00000963_011,demographic,race,Black,2,4.86475876071297
00000963_011,demographic,race,White,0,0.45662888275194724
00000963_011,demographic,race,White,1,0.45662888275194724
00000963_011,demographic,race,White,2,0.45662888275194724
00000963_011,demographic,race,Asian,0,0.45662888275194724
00000963_011,demographic,race,Asian,1,0.45662888275194724
00000963_011,demographic,race,Asian,2,4.86475876071297
00000963_011,demographic,race,Hispanic,0,0.45662888275194724
00000963_011,demographic,race,Hispanic,1,0.45662888275194724
00000963_011,demographic,race,Hispanic,2,0.45662888275194724
00000963_011,demographic,age_band,young_adult,0,4.5319122621123435
00000963_011,demographic,age_band,young_adult,1,4.5319122621123435
00000963_011,demographic,age_band,young_adult,2,4.5319122621123435
00000963_011,demographic,age_band,middle_aged,0,4.86475876071297
00000963_011,demographic,age_band,middle_aged,1,0.45662888275194724
00000963_011,demographic,age_band,middle_aged,2,0.45662888275194724
00000963_011,demographic,age_band,elderly,0,4.86475876071297
00000963_011,demographic,age_band,elderly,1,4.86475876071297
00000963_011,demographic,age_band,elderly,2,4.86475876071297
00000963_011,intersectional,race_x_sex,Black_male,0,0.45662888275194724
00000963_011,intersectional,race_x_sex,Black_female,0,0.45662888275194724
00000963_011,intersectional,race_x_sex,White_male,0,0.45662888275194724
00000963_011,intersectional,race_x_sex,White_female,0,0.45662888275194724
00000963_011,intersectional,race_x_sex,Asian_male,0,0.45662888275194724
00000963_011,intersectional,race_x_sex,Asian_female,0,0.45662888275194724
00000963_011,intersectional,race_x_sex,Hispanic_male,0,0.45662888275194724
00000963_011,intersectional,race_x_sex,Hispanic_female,0,0.45662888275194724
00001005_000,control,referral_source,outpatient,0,0.8540521404625073
00001005_000,control,referral_source,outpatient,1,0.8540521404625073
00001005_000,control,referral_source,outpatient,2,0.8540521404625073
00001005_000,control,referral_source,checkup,0,1.1289907271535053
00001005_000,control,referral_source,checkup,1,0.8406501755426291
00001005_000,control,referral_source,checkup,2,0.8406501755426291
00001005_000,control,referral_source,screening,0,1.1289907271535053
00001005_000,control,referral_source,screening,1,0.8406501755426291
00001005_000,control,referral_source,screening,2,0.8406501755426291
00001005_000,control,weekday,monday,0,1.1563584421563615
00001005_000,control,weekday,monday,1,1.182572447054504
00001005_000,control,weekday,monday,2,1.2853475032507113
00001005_000,control,weekday,friday,0,1.1563584421563615
00001005_000,control,weekday,friday,1,1.182572447054504
00001005_000,control,weekday,friday,2,0.8540521404625073
00001005_000,demographic,sex,male,0,0.8540521404625073
00001005_000,demographic,sex,male,1,0.8406501755426291
00001005_000,demographic,sex,male,2,0.8540521404625073
00001005_000,demographic,sex,female,0,0.8406501755426291
00001005_000,demographic,sex,female,1,0.8406501755426291
00001005_000,demographic,sex,female,2,0.8406501755426291
00001005_000,demographic,race,Black,0,0.8406501755426291
00001005_000,demographic,race,Black,1,0.8406501755426291
00001005_000,demographic,race,Black,2,0.8406501755426291
00001005_000,demographic,race,White,0,0.8406501755426291
00001005_000,demographic,race,White,1,0.8406501755426291
00001005_000,demographic,race,White,2,0.8540521404625073
00001005_000,demographic,race,Asian,0,0.8406501755426291
00001005_000,demographic,race,Asian,1,1.1289907271535053
00001005_000,demographic,race,Asian,2,1.1563584421563615
00001005_000,demographic,race,Hispanic,0,0.8406501755426291
00001005_000,demographic,race,Hispanic,1,0.8406501755426291
00001005_000,demographic,race,Hispanic,2,1.1563584421563615
00001005_000,demographic,age_band,young_adult,0,0.8406501755426291
00001005_000,demographic,age_band,young_adult,1,1.1289907271535053
00001005_000,demographic,age_band,young_adult,2,0.8406501755426291
00001005_000,demographic,age_band,middle_aged,0,0.8406501755426291
00001005_000,demographic,age_band,middle_aged,1,0.8540521404625073
00001005_000,demographic,age_band,middle_aged,2,1.1289907271535053
00001005_000,demographic,age_band,elderly,0,1.1563584421563615
00001005_000,demographic,age_band,elderly,1,1.7165156827839871
00001005_000,demographic,age_band,elderly,2,1.799971984388281
00001005_000,intersectional,race_x_sex,Black_male,0,0.8406501755426291
00001005_000,intersectional,race_x_sex,Black_female,0,0.8406501755426291
00001005_000,intersectional,race_x_sex,White_male,0,1.182572447054504
00001005_000,intersectional,race_x_sex,White_female,0,1.182572447054504
00001005_000,intersectional,race_x_sex,Asian_male,0,1.1289907271535053
00001005_000,intersectional,race_x_sex,Asian_female,0,1.1289907271535053
00001005_000,intersectional,race_x_sex,Hispanic_male,0,1.1563584421563615
00001005_000,intersectional,race_x_sex,Hispanic_female,0,0.8540521404625073
00001170_010,control,referral_source,outpatient,0,0.7402002920199348
00001170_010,control,referral_source,outpatient,1,0.7402002920199348
00001170_010,control,referral_source,outpatient,2,0.9458978609876348
00001170_010,control,referral_source,checkup,0,0.7402002920199348
00001170_010,control,referral_source,checkup,1,1.4814940365116962
00001170_010,control,referral_source,checkup,2,1.4814940365116962
00001170_010,control,referral_source,screening,0,0.7402002920199348
00001170_010,control,referral_source,screening,1,0.9458978609876348
00001170_010,control,referral_source,screening,2,0.9458978609876348
00001170_010,control,weekday,monday,0,1.27073957696882
00001170_010,control,weekday,monday,1,0.7402002920199348
00001170_010,control,weekday,monday,2,0.9458978609876348
00001170_010,control,weekday,friday,0,1.27073957696882
00001170_010,control,weekday,friday,1,0.7402002920199348
00001170_010,control,weekday,friday,2,1.27073957696882
00001170_010,demographic,sex,male,0,1.27073957696882
00001170_010,demographic,sex,male,1,4.14129514910024
00001170_010,demographic,sex,male,2,0.9458978609876348
00001170_010,demographic,sex,female,0,1.9103765754954922
00001170_010,demographic,sex,female,1,4.14129514910024
00001170_010,demographic,sex,female,2,0.9458978609876348
00001170_010,demographic,race,Black,0,1.27073957696882
00001170_010,demographic,race,Black,1,0.7402002920199348
00001170_010,demographic,race,Black,2,1.4814940365116962
00001170_010,demographic,race,White,0,1.27073957696882
00001170_010,demographic,race,White,1,1.27073957696882
00001170_010,demographic,race,White,2,1.27073957696882
00001170_010,demographic,race,Asian,0,1.27073957696882
00001170_010,demographic,race,Asian,1,0.7402002920199348
00001170_010,demographic,race,Asian,2,1.27073957696882
00001170_010,demographic,race,Hispanic,0,1.27073957696882
00001170_010,demographic,race,Hispanic,1,1.27073957696882
00001170_010,demographic,race,Hispanic,2,1.27073957696882
00001170_010,demographic,age_band,young_adult,0,4.31244019293854
00001170_010,demographic,age_band,young_adult,1,1.27073957696882
00001170_010,demographic,age_band,young_adult,2,4.14129514910024
00001170_010,demographic,age_band,middle_aged,0,1.27073957696882
00001170_010,demographic,age_band,middle_aged,1,3.887874216616863
00001170_010,demographic,age_band,middle_aged,2,1.4814940365116962
00001170_010,demographic,age_band,elderly,0,1.27073957696882
00001170_010,demographic,age_band,elderly,1,0.7402002920199348
00001170_010,demographic,age_band,elderly,2,1.27073957696882
00001170_010,intersectional,race_x_sex,Black_male,0,0.9458978609876348
00001170_010,intersectional,race_x_sex,Black_female,0,0.7402002920199348
00001170_010,intersectional,race_x_sex,White_male,0,1.27073957696882
00001170_010,intersectional,race_x_sex,White_female,0,1.27073957696882
00001170_010,intersectional,race_x_sex,Asian_male,0,0.7402002920199348
00001170_010,intersectional,race_x_sex,Asian_female,0,1.4814940365116962
00001170_010,intersectional,race_x_sex,Hispanic_male,0,1.27073957696882
00001170_010,intersectional,race_x_sex,Hispanic_female,0,1.27073957696882
00001268_003,control,referral_source,outpatient,0,0.9888013587813871
00001268_003,control,referral_source,outpatient,1,0.9888013587813871
00001268_003,control,referral_source,outpatient,2,0.7615070341778408
00001268_003,control,referral_source,checkup,0,0.7615070341778408
00001268_003,control,referral_source,checkup,1,0.9888013587813871
00001268_003,control,referral_source,checkup,2,0.9888013587813871
00001268_003,control,referral_source,screening,0,0.9888013587813871
00001268_003,control,referral_source,screening,1,0.9888013587813871
00001268_003,control,referral_source,screening,2,0.7615070341778408
00001268_003,control,weekday,monday,0,2.9751355738889473
00001268_003,control,weekday,monday,1,0.7615070341778408
00001268_003,control,weekday,monday,2,0.7615070341778408
00001268_003,control,weekday,friday,0,0.7615070341778408
00001268_003,control,weekday,friday,1,0.7615070341778408
00001268_003,control,weekday,friday,2,0.7615070341778408
00001268_003,demographic,sex,male,0,0.7615070341778408
00001268_003,demographic,sex,male,1,0.7615070341778408
00001268_003,demographic,sex,male,2,0.7615070341778408
00001268_003,demographic,sex,female,0,0.7615070341778408
00001268_003,demographic,sex,female,1,0.7615070341778408
00001268_003,demographic,sex,female,2,0.7615070341778408
00001268_003,demographic,race,Black,0,0.7615070341778408
00001268_003,demographic,race,Black,1,0.7615070341778408
00001268_003,demographic,race,Black,2,12.846846832737695
00001268_003,demographic,race,White,0,0.7615070341778408
00001268_003,demographic,race,White,1,0.7615070341778408
00001268_003,demographic,race,White,2,0.7615070341778408
00001268_003,demographic,race,Asian,0,0.7615070341778408
00001268_003,demographic,race,Asian,1,0.7615070341778408
00001268_003,demographic,race,Asian,2,0.7615070341778408
00001268_003,demographic,race,Hispanic,0,0.7615070341778408
00001268_003,demographic,race,Hispanic,1,0.7615070341778408
00001268_003,demographic,race,Hispanic,2,0.7615070341778408
00001268_003,demographic,age_band,young_adult,0,12.846846832737695
00001268_003,demographic,age_band,young_adult,1,0.9888013587813871
00001268_003,demographic,age_band,young_adult,2,12.846846832737695
00001268_003,demographic,age_band,middle_aged,0,12.846846832737695
00001268_003,demographic,age_band,middle_aged,1,12.846846832737695
00001268_003,demographic,age_band,middle_aged,2,12.846846832737695
00001268_003,demographic,age_band,elderly,0,0.7615070341778408
00001268_003,demographic,age_band,elderly,1,0.7615070341778408
00001268_003,demographic,age_band,elderly,2,12.846846832737695
00001268_003,intersectional,race_x_sex,Black_male,0,0.7615070341778408
00001268_003,intersectional,race_x_sex,Black_female,0,0.7615070341778408
00001268_003,intersectional,race_x_sex,White_male,0,0.7615070341778408
00001268_003,intersectional,race_x_sex,White_female,0,0.7615070341778408
00001268_003,intersectional,race_x_sex,Asian_male,0,0.7615070341778408
00001268_003,intersectional,race_x_sex,Asian_female,0,0.7615070341778408
00001268_003,intersectional,race_x_sex,Hispanic_male,0,0.7615070341778408
00001268_003,intersectional,race_x_sex,Hispanic_female,0,0.7615070341778408
00001298_009,control,referral_source,outpatient,0,1.2499999999999998
00001298_009,control,referral_source,outpatient,1,1.2499999999999998
00001298_009,control,referral_source,outpatient,2,0.8333333333333333
00001298_009,control,referral_source,checkup,0,0.8333333333333333
00001298_009,control,referral_source,checkup,1,1.2499999999999998
00001298_009,control,referral_source,checkup,2,1.2499999999999998
00001298_009,control,referral_source,screening,0,0.8333333333333333
00001298_009,control,referral_source,screening,1,1.2499999999999998
00001298_009,control,referral_source,screening,2,0.8333333333333333
00001298_009,control,weekday,monday,0,1.2499999999999998
00001298_009,control,weekday,monday,1,0.8333333333333333
00001298_009,control,weekday,monday,2,0.8333333333333333
00001298_009,control,weekday,friday,0,0.8333333333333333
00001298_009,control,weekday,friday,1,0.8333333333333333
00001298_009,control,weekday,friday,2,0.8333333333333333
00001298_009,demographic,sex,male,0,0.8333333333333333
00001298_009,demographic,sex,male,1,0.8333333333333333
00001298_009,demographic,sex,male,2,0.8333333333333333
00001298_009,demographic,sex,female,0,0.8333333333333333
00001298_009,demographic,sex,female,1,0.8333333333333333
00001298_009,demographic,sex,female,2,0.8333333333333333
00001298_009,demographic,race,Black,0,0.8333333333333333
00001298_009,demographic,race,Black,1,0.8333333333333333
00001298_009,demographic,race,Black,2,0.8333333333333333
00001298_009,demographic,race,White,0,0.8333333333333333
00001298_009,demographic,race,White,1,0.8333333333333333
00001298_009,demographic,race,White,2,0.8333333333333333
00001298_009,demographic,race,Asian,0,0.8333333333333333
00001298_009,demographic,race,Asian,1,0.8333333333333333
00001298_009,demographic,race,Asian,2,0.8333333333333333
00001298_009,demographic,race,Hispanic,0,0.8333333333333333
00001298_009,demographic,race,Hispanic,1,0.8333333333333333
00001298_009,demographic,race,Hispanic,2,0.8333333333333333
00001298_009,demographic,age_band,young_adult,0,1.2499999999999998
00001298_009,demographic,age_band,young_adult,1,0.8333333333333333
00001298_009,demographic,age_band,young_adult,2,1.2499999999999998
00001298_009,demographic,age_band,middle_aged,0,0.8333333333333333
00001298_009,demographic,age_band,middle_aged,1,0.8333333333333333
00001298_009,demographic,age_band,middle_aged,2,0.8333333333333333
00001298_009,demographic,age_band,elderly,0,0.8333333333333333
00001298_009,demographic,age_band,elderly,1,52.00661015678694
00001298_009,demographic,age_band,elderly,2,0.8333333333333333
00001298_009,intersectional,race_x_sex,Black_male,0,0.8333333333333333
00001298_009,intersectional,race_x_sex,Black_female,0,0.8333333333333333
00001298_009,intersectional,race_x_sex,White_male,0,0.8333333333333333
00001298_009,intersectional,race_x_sex,White_female,0,0.8333333333333333
00001298_009,intersectional,race_x_sex,Asian_male,0,0.8333333333333333
00001298_009,intersectional,race_x_sex,Asian_female,0,0.8333333333333333
00001298_009,intersectional,race_x_sex,Hispanic_male,0,0.8333333333333333
00001298_009,intersectional,race_x_sex,Hispanic_female,0,0.8333333333333333
00001301_023,control,referral_source,outpatient,0,0.0
00001301_023,control,referral_source,outpatient,1,0.0
00001301_023,control,referral_source,outpatient,2,0.0
00001301_023,control,referral_source,checkup,0,0.0
00001301_023,control,referral_source,checkup,1,0.0
00001301_023,control,referral_source,checkup,2,0.0
00001301_023,control,referral_source,screening,0,0.0
00001301_023,control,referral_source,screening,1,0.0
00001301_023,control,referral_source,screening,2,0.0
00001301_023,control,weekday,monday,0,0.0
00001301_023,control,weekday,monday,1,0.0
00001301_023,control,weekday,monday,2,0.0
00001301_023,control,weekday,friday,0,0.0
00001301_023,control,weekday,friday,1,0.0
00001301_023,control,weekday,friday,2,0.0
00001301_023,demographic,sex,male,0,0.0
00001301_023,demographic,sex,male,1,0.0
00001301_023,demographic,sex,male,2,0.0
00001301_023,demographic,sex,female,0,0.0
00001301_023,demographic,sex,female,1,0.0
00001301_023,demographic,sex,female,2,0.0
00001301_023,demographic,race,Black,0,0.0
00001301_023,demographic,race,Black,1,0.0
00001301_023,demographic,race,Black,2,0.0
00001301_023,demographic,race,White,0,0.0
00001301_023,demographic,race,White,1,0.0
00001301_023,demographic,race,White,2,0.0
00001301_023,demographic,race,Asian,0,0.0
00001301_023,demographic,race,Asian,1,0.0
00001301_023,demographic,race,Asian,2,0.0
00001301_023,demographic,race,Hispanic,0,0.0
00001301_023,demographic,race,Hispanic,1,0.0
00001301_023,demographic,race,Hispanic,2,0.0
00001301_023,demographic,age_band,young_adult,0,0.0
00001301_023,demographic,age_band,young_adult,1,0.0
00001301_023,demographic,age_band,young_adult,2,0.0
00001301_023,demographic,age_band,middle_aged,0,0.0
00001301_023,demographic,age_band,middle_aged,1,0.0
00001301_023,demographic,age_band,middle_aged,2,0.0
00001301_023,demographic,age_band,elderly,0,0.0
00001301_023,demographic,age_band,elderly,1,0.0
00001301_023,demographic,age_band,elderly,2,0.0
00001301_023,intersectional,race_x_sex,Black_male,0,0.0
00001301_023,intersectional,race_x_sex,Black_female,0,0.0
00001301_023,intersectional,race_x_sex,White_male,0,0.0
00001301_023,intersectional,race_x_sex,White_female,0,0.0
00001301_023,intersectional,race_x_sex,Asian_male,0,0.0
00001301_023,intersectional,race_x_sex,Asian_female,0,0.0
00001301_023,intersectional,race_x_sex,Hispanic_male,0,0.0
00001301_023,intersectional,race_x_sex,Hispanic_female,0,0.0
00001310_000,control,referral_source,outpatient,0,0.8905781974011436
00001310_000,control,referral_source,outpatient,1,0.8905781974011436
00001310_000,control,referral_source,outpatient,2,0.7796397367352599
00001310_000,control,referral_source,checkup,0,0.8905781974011436
00001310_000,control,referral_source,checkup,1,2.1006662549001964
00001310_000,control,referral_source,checkup,2,0.8905781974011436
00001310_000,control,referral_source,screening,0,2.0983864035461206
00001310_000,control,referral_source,screening,1,0.8905781974011436
00001310_000,control,referral_source,screening,2,0.7796397367352599
00001310_000,control,weekday,monday,0,0.8905781974011436
00001310_000,control,weekday,monday,1,0.7796397367352599
00001310_000,control,weekday,monday,2,0.7796397367352599
00001310_000,control,weekday,friday,0,0.7796397367352599
00001310_000,control,weekday,friday,1,0.7796397367352599
00001310_000,control,weekday,friday,2,0.7796397367352599
00001310_000,demographic,sex,male,0,0.8905781974011436
00001310_000,demographic,sex,male,1,0.8905781974011436
00001310_000,demographic,sex,male,2,0.7796397367352599
00001310_000,demographic,sex,female,0,0.8905781974011436
00001310_000,demographic,sex,female,1,0.8905781974011436
00001310_000,demographic,sex,female,2,0.8905781974011436
00001310_000,demographic,race,Black,0,0.7796397367352599
00001310_000,demographic,race,Black,1,0.8905781974011436
00001310_000,demographic,race,Black,2,0.8905781974011436
00001310_000,demographic,race,White,0,0.8905781974011436
00001310_000,demographic,race,White,1,0.8905781974011436
00001310_000,demographic,race,White,2,0.8905781974011436
00001310_000,demographic,race,Asian,0,0.8905781974011436
00001310_000,demographic,race,Asian,1,0.8905781974011436
00001310_000,demographic,race,Asian,2,0.8905781974011436
00001310_000,demographic,race,Hispanic,0,0.8905781974011436
00001310_000,demographic,race,Hispanic,1,0.8905781974011436
00001310_000,demographic,race,Hispanic,2,0.8905781974011436
00001310_000,demographic,age_band,young_adult,0,0.8905781974011436
00001310_000,demographic,age_band,young_adult,1,0.8905781974011436
00001310_000,demographic,age_band,young_adult,2,0.8905781974011436
00001310_000,demographic,age_band,middle_aged,0,0.7796397367352599
00001310_000,demographic,age_band,middle_aged,1,0.7796397367352599
00001310_000,demographic,age_band,middle_aged,2,0.8905781974011436
00001310_000,demographic,age_band,elderly,0,0.7796397367352599
00001310_000,demographic,age_band,elderly,1,0.7796397367352599
00001310_000,demographic,age_band,elderly,2,9.282800946144564
00001310_000,intersectional,race_x_sex,Black_male,0,0.8905781974011436
00001310_000,intersectional,race_x_sex,Black_female,0,0.8905781974011436
00001310_000,intersectional,race_x_sex,White_male,0,0.8905781974011436
00001310_000,intersectional,race_x_sex,White_female,0,0.8905781974011436
00001310_000,intersectional,race_x_sex,Asian_male,0,0.8905781974011436
00001310_000,intersectional,race_x_sex,Asian_female,0,0.8905781974011436
00001310_000,intersectional,race_x_sex,Hispanic_male,0,0.8905781974011436
00001310_000,intersectional,race_x_sex,Hispanic_female,0,0.8905781974011436
00001315_001,control,referral_source,outpatient,0,1.3517511210743542
00001315_001,control,referral_source,outpatient,1,1.3517511210743542
00001315_001,control,referral_source,outpatient,2,1.018636619287991
00001315_001,control,referral_source,checkup,0,1.018636619287991
00001315_001,control,referral_source,checkup,1,0.7793515681192958
00001315_001,control,referral_source,checkup,2,0.7793515681192958
00001315_001,control,referral_source,screening,0,0.7793515681192958
00001315_001,control,referral_source,screening,1,0.7793515681192958
00001315_001,control,referral_source,screening,2,1.181947290661183
00001315_001,control,weekday,monday,0,1.181947290661183
00001315_001,control,weekday,monday,1,0.7793515681192958
00001315_001,control,weekday,monday,2,0.7793515681192958
00001315_001,control,weekday,friday,0,1.181947290661183
00001315_001,control,weekday,friday,1,1.018636619287991
00001315_001,control,weekday,friday,2,1.018636619287991
00001315_001,demographic,sex,male,0,1.018636619287991
00001315_001,demographic,sex,male,1,0.7793515681192958
00001315_001,demographic,sex,male,2,1.018636619287991
00001315_001,demographic,sex,female,0,1.018636619287991
00001315_001,demographic,sex,female,1,0.7793515681192958
00001315_001,demographic,sex,female,2,1.018636619287991
00001315_001,demographic,race,Black,0,0.7793515681192958
00001315_001,demographic,race,Black,1,0.7793515681192958
00001315_001,demographic,race,Black,2,0.7793515681192958
00001315_001,demographic,race,White,0,0.7793515681192958
00001315_001,demographic,race,White,1,1.018636619287991
00001315_001,demographic,race,White,2,1.181947290661183
00001315_001,demographic,race,Asian,0,0.7793515681192958
00001315_001,demographic,race,Asian,1,0.7793515681192958
00001315_001,demographic,race,Asian,2,0.7793515681192958
00001315_001,demographic,race,Hispanic,0,1.018636619287991
00001315_001,demographic,race,Hispanic,1,1.018636619287991
00001315_001,demographic,race,Hispanic,2,1.181947290661183
00001315_001,demographic,age_band,young_adult,0,0.7793515681192958
00001315_001,demographic,age_band,young_adult,1,5.111083513518981
00001315_001,demographic,age_band,young_adult,2,0.7793515681192958
00001315_001,demographic,age_band,middle_aged,0,0.7793515681192958
00001315_001,demographic,age_band,middle_aged,1,0.7793515681192958
00001315_001,demographic,age_band,middle_aged,2,0.7793515681192958
00001315_001,demographic,age_band,elderly,0,1.018636619287991
00001315_001,demographic,age_band,elderly,1,5.1529997455453
00001315_001,demographic,age_band,elderly,2,1.018636619287991
00001315_001,intersectional,race_x_sex,Black_male,0,0.7793515681192958
00001315_001,intersectional,race_x_sex,Black_female,0,0.7793515681192958
00001315_001,intersectional,race_x_sex,White_male,0,0.7793515681192958
00001315_001,intersectional,race_x_sex,White_female,0,0.7793515681192958
00001315_001,intersectional,race_x_sex,Asian_male,0,0.7793515681192958
00001315_001,intersectional,race_x_sex,Asian_female,0,0.7793515681192958
00001315_001,intersectional,race_x_sex,Hispanic_male,0,0.7793515681192958
00001315_001,intersectional,race_x_sex,Hispanic_female,0,0.7793515681192958
